{"cameraMode":{"drawMode":0,"name":"Shaded","section":"Shading Mode"},"sceneLighting":true,"audioPlay":false,"sceneViewState":{"showFog":false,"showMaterialUpdate":true,"showSkybox":true,"showFlares":true,"showImageEffects":true,"showParticleSystems":true},"in2DMode":false,"pivot":{"x":10.73248291015625,"y":-902.249755859375,"z":238.24252319335938},"rotation":{"x":-0.5910837650299072,"y":0.0019452964188531042,"z":-0.0014182223239913583,"w":-0.8066163063049316},"size":2015.892578125,"orthographic":false}