{"cameraMode":{"drawMode":0,"name":"Shaded","section":"Shading Mode"},"sceneLighting":false,"audioPlay":false,"sceneViewState":{"showFog":false,"showMaterialUpdate":true,"showSkybox":false,"showFlares":true,"showImageEffects":true,"showParticleSystems":true},"in2DMode":false,"pivot":{"x":-0.5197765231132507,"y":-0.35623854398727419,"z":1.1249275207519532},"rotation":{"x":0.22979901731014253,"y":-0.21540145576000215,"z":0.05223262682557106,"w":0.9476640820503235},"size":2.3334522247314455,"orthographic":false}