{"cameraMode":{"drawMode":0,"name":"Shaded","section":"Shading Mode"},"sceneLighting":true,"audioPlay":false,"sceneViewState":{"showFog":false,"showMaterialUpdate":true,"showSkybox":true,"showFlares":true,"showImageEffects":true,"showParticleSystems":true},"in2DMode":false,"pivot":{"x":58.13469696044922,"y":0.15435028076171876,"z":32.10847473144531},"rotation":{"x":-0.05011961981654167,"y":0.10110598802566529,"z":-0.00509391725063324,"w":-0.9936083555221558},"size":266.0257568359375,"orthographic":false}