{"cameraMode":{"drawMode":0,"name":"Shaded","section":"Shading Mode"},"sceneLighting":true,"audioPlay":false,"sceneViewState":{"showFog":false,"showMaterialUpdate":true,"showSkybox":true,"showFlares":true,"showImageEffects":true,"showParticleSystems":true},"in2DMode":false,"pivot":{"x":-3.97332763671875,"y":2.7747802734375,"z":-4.7841796875},"rotation":{"x":-0.09613893926143646,"y":-0.9038131237030029,"z":0.2900160849094391,"w":-0.2996167242527008},"size":70.9939193725586,"orthographic":false}