{"cameraMode":{"drawMode":0,"name":"Shaded","section":"Shading Mode"},"sceneLighting":true,"audioPlay":false,"sceneViewState":{"showFog":false,"showMaterialUpdate":true,"showSkybox":false,"showFlares":true,"showImageEffects":true,"showParticleSystems":true},"in2DMode":false,"pivot":{"x":0.0,"y":-0.35200023651123049,"z":0.5520000457763672},"rotation":{"x":0.10065919905900955,"y":-0.22452504932880402,"z":0.023291802033782007,"w":0.9690043330192566},"size":26.436437606811525,"orthographic":false}