{"cameraMode":{"drawMode":0,"name":"Shaded","section":"Shading Mode"},"sceneLighting":true,"audioPlay":false,"sceneViewState":{"showFog":false,"showMaterialUpdate":true,"showSkybox":false,"showFlares":true,"showImageEffects":true,"showParticleSystems":true},"in2DMode":false,"pivot":{"x":0.0,"y":-0.35200023651123049,"z":-0.5520000457763672},"rotation":{"x":0.04046465829014778,"y":0.9051925539970398,"z":-0.08853776007890701,"w":0.4137108027935028},"size":40.010372161865237,"orthographic":false}