{"cameraMode":{"drawMode":0,"name":"Shaded","section":"Shading Mode"},"sceneLighting":false,"audioPlay":false,"sceneViewState":{"showFog":false,"showMaterialUpdate":true,"showSkybox":false,"showFlares":true,"showImageEffects":true,"showParticleSystems":true},"in2DMode":false,"pivot":{"x":-6.531830787658691,"y":0.8745012283325195,"z":-3.0747056007385256},"rotation":{"x":0.05623119696974754,"y":0.9221796989440918,"z":-0.3534441292285919,"w":0.14673951268196107},"size":19.14133071899414,"orthographic":false}